{
  "name": "Benzene",
  "formula": "C6H6",
  "atoms": [
    {"index": 0, "element": "C"},
    {"index": 1, "element": "C"},
    {"index": 2, "element": "C"},
    {"index": 3, "element": "C"},
    {"index": 4, "element": "C"},
    {"index": 5, "element": "C"},
    {"index": 6, "element": "H"},
    {"index": 7, "element": "H"},
    {"index": 8, "element": "H"},
    {"index": 9, "element": "H"},
    {"index": 10, "element": "H"},
    {"index": 11, "element": "H"}
  ],
  "bonds": [
    [0, 1, 1.5],
    [1, 2, 1.5],
    [2, 3, 1.5],
    [3, 4, 1.5],
    [4, 5, 1.5],
    [5, 0, 1.5],
    [0, 6, 1],
    [1, 7, 1],
    [2, 8, 1],
    [3, 9, 1],
    [4, 10, 1],
    [5, 11, 1]
  ],
  "energies": {
    "actual_bond_energy": 5470,
    "uncertainty": 2,
    "comment": "Total bond energy including aromatic stabilization. Benzene has +148 kJ/mol resonance energy making bonds STRONGER than localized cyclohexatriene structure. Measured via hydrogenation experiments: benzene → cyclohexane releases -208 kJ/mol, vs expected -360 kJ/mol for cyclohexatriene, giving 152 kJ/mol aromatic stabilization.",
    "source": "Kistiakowsky et al., J. Am. Chem. Soc. 1936, 58:146-153",
    "source_type": "experimental",
    "method": "Hydrogenation calorimetry (benzene → cyclohexane)",
    "resonance_energy": 148,
    "resonance_energy_literature": 152,
    "resonance_energy_uncertainty": 2,
    "confidence": 0.95,
    "confidence_note": "Well-established experimental value, measured by multiple independent methods since 1936. Uncertainty ~1-2 kJ/mol."
  },
  "reference_energies": {
    "C-C_single": 346,
    "C=C_double": 602,
    "C-H": 413,
    "comment": "Standard bond energies (kJ/mol) for naive calculation"
  },
  "notes": [
    "Benzene exhibits aromatic stabilization (~150 kJ/mol resonance energy)",
    "Bond orders shown as 1.5 to represent delocalized π-system",
    "Naive prediction would use localized single/double bonds",
    "This is THE canonical example of additivity violation in chemistry"
  ]
}
