{
  "name": "Cyclopropane",
  "formula": "C3H6",
  "atoms": [
    {"index": 0, "element": "C"},
    {"index": 1, "element": "C"},
    {"index": 2, "element": "C"},
    {"index": 3, "element": "H"},
    {"index": 4, "element": "H"},
    {"index": 5, "element": "H"},
    {"index": 6, "element": "H"},
    {"index": 7, "element": "H"},
    {"index": 8, "element": "H"}
  ],
  "bonds": [
    [0, 1, 1],
    [1, 2, 1],
    [2, 0, 1],
    [0, 3, 1],
    [0, 4, 1],
    [1, 5, 1],
    [1, 6, 1],
    [2, 7, 1],
    [2, 8, 1]
  ],
  "energies": {
    "actual_bond_energy": 3401,
    "comment": "Ring strain weakens bonds. 60° angles (vs ideal 109.5°) create stress. Bonds are ~115 kJ/mol weaker than relaxed C-C bonds. Negative violation expected.",
    "source": "Calculated from experimental ring strain energy"
  },
  "reference_energies": {
    "C-C_single": 346,
    "C-H": 413,
    "comment": "Standard bond energies (kJ/mol) for naive calculation"
  },
  "notes": [
    "Cyclopropane is THE canonical example of ring strain",
    "60° bond angles vs. ideal tetrahedral 109.5°",
    "This geometric constraint creates correlation - bonds cannot relax independently",
    "Ring strain energy: ~115 kJ/mol destabilization",
    "Bonds are under stress, easier to break (lower bond energy)",
    "Negative violation: actual < naive (opposite of benzene)"
  ]
}
